<?xml version="1.0"?>

<Parameters>

<ParameterGroup info="Fixed offsets for the top-left corner of the grid in the pane.">
    <name>grid offsets</name>
    <gridPadH>105</gridPadH>
	<gridPadV>90</gridPadV>
</ParameterGroup>

<ParameterGroup>
    <name>border drawing specs</name>
	
	<borderPad>9</borderPad>;
	<coloredBorderWidth>4F</coloredBorderWidth>
	<standardLineWidth>1F</standardLineWidth>
	<gridLineColor info="The color to draw grid's edges."> 
	          <item info="R">0.0</item>
	          <item info="G">0.0</item>
              <item info="B">0.0</item>			 
	</gridLineColor>
	
<!--
	 fli_th - the "field line indicator thickness". This is the thickness  of the line drawn inside every field,
	 touching its border. Two reasons for having such lines, 1) (a less important one) it creates the feeling of 
	 3D relief, 2) may be used to to indicate destination colors, i.e. the colors of final grid as those might not
	 be easy to remember.
 -->
    <fli_th>2</fli_th>
</ParameterGroup>


<ParameterGroup info="Parameters governing the sizes of the button icons.">
    <name>icon parameters</name>
    <ICON_W>30</ICON_W>
    <ICON_H>40</ICON_H>
    <DIAG_H>8</DIAG_H>;   <!-- Horizontal adjustment for diagonal buttons -->
    <DIAG_V>-5</DIAG_V>   <!-- Vertical adjustment for diagonal/ring buttons -->
    <HORIZ_H>10</HORIZ_H> <!-- Horizontal adjustment for row/col buttons -->
    <HORIZ_V>-8</HORIZ_V>  <!-- Vertical adjustment for row/col buttons -->
</ParameterGroup>

<ParameterGroup  info="The proportions governing the placement of the shift/rotation buttons in the space between the grid and the edges of the pane.">

    <!--
       <strong>NOTE.</strong> The below proportions are double numbers between 1 and \infinity. They make the buttons appear
       proportionally closer to (by making them smaller) or farther from the grid. The proportion number of 2 means that the
       button will appear in the middle of the margin between the greed and the edge of its container. The value of 4/3 should
       mean that the button will apoear 1/(4/3) = 3/4 of the margin away from the container border.
     -->
    <name>directional button positions</name>
    <top_p>1.6</top_p>         <!-- The proportion (always > 1) for placement of the top shift buttons (smaller value, closer to the grid)  -->
    <bottom_p>1.6</bottom_p>   <!-- The proportion for placement of the bottom shift buttons (should probably be always the same as top_p ) -->
    <left_p>1.32</left_p>       <!-- The proportion for placement of the left shift buttons (always > 1) (the smaller value, the closer to grid) -->
    <right_p>1.32</right_p>     <!--  Ditto. -->
    
    <r_left_p>6</r_left_p>   <!-- The proportion (always > 1) for placement of the left ring buttons. -->
    <r_right_p>6</r_right_p> <!-- The proportion (always > 1) for placement of the right ring buttons. -->
</ParameterGroup>
	



<ParameterGroup info = "Parameters governing the appearance of the lines which divide the grid into segments.">
      <name>divider line parameters</name>
	 <left_seg_line_color>  <!-- This is also the top line segment color -->
	    <item>0.98F</item>
		<item>0.98F</item>
		<item>0.98F</item>
	</left_seg_line_color>
    
    <right_seg_line_color>
         <item>0.2F</item>
		 <item>0.2F</item>
		 <item>0.2F</item>
	</right_seg_line_color>	 
		 
    <seg_line_th>2</seg_line_th> <!-- Thickness of a single colored segment line -->

</ParameterGroup>

<ParameterGroup info="Icon files containing images for the shift and rotation buttons.">
    <name>icon images</name>
    <topButtonImage>./HandN.png</topButtonImage>
    <bottomButtonImage>./HandS.png</bottomButtonImage>
    <leftButtonImage>./HandW.png</leftButtonImage>
    <rightButtonImage>./HandE.png</rightButtonImage>
    <leftRingTopImage>./HandNE.png</leftRingTopImage>
    <leftRingBottomImage>./HandSE.png</leftRingBottomImage>
    <rightRingTopImage>./HandNW.png</rightRingTopImage>
    <rightRingBottomImage>./HandSW.png</rightRingBottomImage>   
</ParameterGroup>


</Parameters>