<?xml version="1.0"?>
<components>
    <component>
	    <name>TorusGame</name> <!-- THE SEGMENT WHICH HAS THE SAME ROOT NAME AS THE FILE IS THE ROOT WINDOW -->
	    <type>JFrame</type>
		<content>
		        <item>TORUS BOARDS</item>
		</content>

	    <x>100</x>
		<y>100</y>
		<width>1150</width>
		<height>800</height>
		
		
	  <background> 
	        <item>0.9296</item> 
		    <item>0.9296</item> 
		    <item>0.9296</item> 
	   </background>	


	  <titledborder> <!-- ORDER MATTERS IN THIS SEGMENT! -->
		     <item></item>   <!-- Title -->
			 <item>center</item> <!-- Title's position -->
		</titledborder>	   
	  
    </component>
	
	<!-- ******* On second thought we don't need this label, we have it on the windows title border ***** 
	<component>
	   <name>Title Label</name>
	   <type>JLabel</type>
	   <content>
	   <item>OSCAR'S SQUARE</item>
	   </content>
	   <px>2</px>
	   <py>145</py>
	   <width>200</width>
	   <height>35</height>
	   
	   <border info = "Order matters in the below specification."> 
	        <item info ="Red">0.6</item> 
		    <item info = "Green">0.6</item> 
		    <item info = "Blue">0.6</item> 
			<item id = "Border Thickness">1</item> 
	   </border>
	<justification>center</justification>	   
	   <foreground>
	      <item>1.0</item>
		  <item>0.0</item>
		  <item>0.0</item>
	   </foreground>
	<background>
		  <item>0.9296</item>
		  <item>0.9296</item>
		  <item>0.9296</item>
	</background>
	
	</component>
	
	*************************** -->
	
	
	
	
	<!-- ************ SELECT ************** -->
	<!-- ************   MODULE ************** -->
	
	<component>
	 <name>Select Module</name>
	 <type>JPanel</type>
	 <content>
	 <item>Ignored</item>
	 </content>
	 <px>1.255</px>
	 <py>34</py>
	 <width>210</width>
	 <height>170</height>
	
	<titledborder> <!-- ORDER MATTERS IN THIS SEGMENT! -->
		     <item>SELECT TO PLAY</item>   <!-- Title -->
			 <item>center</item> <!-- Title's position -->
	</titledborder>
	
    </component>
	
	<!-- ********** Name Label ************ -->
		<component>
	<name>Name Label</name>
	<type>JLabel</type>
	<content>
	    <item>Classic Games:</item>
	</content>
	<parent>Select Module</parent>
	<px>3.55</px>
	<py>6.8</py>
	<width>default</width>
	<height>default</height>
	<foreground><item>0.6</item><item>0.6</item><item>0.6</item></foreground>
	</component>	
	
	<!-- *********** SELECT GAME COMBO BOX ************** -->
	<component>
	   <name>Select Game</name>
	   <type>JComboBox</type>
	   <content>
	        <item>Choose ...</item>
	        <item>Four L's</item>
			<item>Friendly Game</item>
			<item>Square In The Middle</item>
			<item>Two Diagonals</item>
			<item>Butterfly</item>
			<item>Butterfly II</item>
			<item>Confusion</item>
			<item>Breeze</item>
			<item>Rectangular Thoughts</item>
			<item>Chaos</item>
			<item>A Modicum Of Order</item>
			<item>Anti Simplicity</item>
			<item>Evil</item>
			<item>Tiger Has Spoken</item>
			<item>Calling All The Heroes</item>
			
		<!--	<item>Chaos II</item>
			<item>Staring Into An Abyss</item>
			<item>Calling All The Heroes</item> -->
	   </content>
	   <parent>Select Module</parent>
	   
	   	<background>
		  <item>0.9296</item>
		  <item>0.9296</item>
		  <item>0.9296</item>
	</background>
	   
	   
	   <px>1.5</px>
	   <py>3.50</py>
	   <width>160</width>
	   <height>34</height>
	   <justification>center</justification>
	</component>
	
	
	     <!-- ************* LOAD BUTTON ************** -->	
	
	
	<component>
	<name>Load Button</name>
	<type>JButton</type>
	<content>
	    <item>LOAD FROM FILE</item>
	</content>
	<parent>Select Module</parent>
	<px>2</px>
	<py>1.7</py>
	<width>140</width>
	<height>28</height>
	
	<foreground><item>0.0</item><item>0.0</item><item>0.0</item></foreground>
	<background><item>0.9296</item><item>0.9296</item><item>0.9296</item></background>

	</component>	
	
	
		     <!-- ************* SCRAMBLE BUTTON ************** -->	
	
	
	<component>
	<name>Scramble Button</name>
	<type>JButton</type>
	<content>
	    <item>SCRAMBLE</item>
	</content>
	<parent>Select Module</parent>
	<px>2</px>
	<py>1.11</py>
	<width>140</width>
	<height>28</height>
	
	<foreground><item>0.0</item><item>0.0</item><item>0.0</item></foreground>
	<background><item>0.9296</item><item>0.9296</item><item>0.9296</item></background>

	</component>	
	
	
	<!-- ************ PLAY ************** -->
	<!-- ************   MODULE ************** -->
	
	<component>
	 <name>Play Module</name>
	 <type>JPanel</type>
	 <content>
	 <item>Ignored</item>
	 </content>
	 <px>1.014</px>
	 <py>34</py>
	 <width>170</width>
	 <height>170</height>
	
	<titledborder> <!-- ORDER MATTERS IN THIS SEGMENT! -->
		     <item>PLAY</item>   <!-- Title -->
			 <item>center</item> <!-- Title's position -->
	</titledborder>
	
    </component>
	
	
			     <!-- ************* UNDO BUTTON ************** -->	
	
	
	<component>
	<name>Undo Button</name>
	<type>JButton</type>
	<content>
	    <item>UNDO</item>
	</content>
	<parent>Play Module</parent>
	<px>2</px>
	<py>7</py>
	<width>100</width>
	<height>28</height>
	
	<foreground><item>0.0</item><item>0.0</item><item>0.0</item></foreground>
	<background><item>0.9296</item><item>0.9296</item><item>0.9296</item></background>

	</component>	
	
	
				     <!-- ************* REDO BUTTON ************** -->	
	
	
	<component>
	<name>Redo Button</name>
	<type>JButton</type>
	<content>
	    <item>REDO</item>
	</content>
	<parent>Play Module</parent>
	<px>2</px>
	<py>2.51</py>
	<width>100</width>
	<height>28</height>
	
	<foreground><item>0.0</item><item>0.0</item><item>0.0</item></foreground>
	<background><item>0.9296</item><item>0.9296</item><item>0.9296</item></background>

	</component>
	
	
				     <!-- ************* RESET BUTTON ************** -->	
	
	
	<component>
	<name>Reset Button</name>
	<type>JButton</type>
	<content>
	    <item>RESET</item>
	</content>
	<parent>Play Module</parent>
	<px>2</px>
	<py>1.53</py>
	<width>100</width>
	<height>28</height>
	
	<foreground><item>0.0</item><item>0.0</item><item>0.0</item></foreground>
	<background><item>0.9296</item><item>0.9296</item><item>0.9296</item></background>

	</component>	
	
	
				     <!-- ************* CLIP BUTTON ************** -->	
	
	
	<component>
	<name>Clip Button</name>
	<type>JButton</type>
	<content>
	    <item>CLIP</item>
	</content>
	<parent>Play Module</parent>
	<px>2</px>
	<py>1.11</py>
	<width>100</width>
	<height>28</height>
	
	<foreground><item>0.0</item><item>0.0</item><item>0.0</item></foreground>
	<background><item>0.9296</item><item>0.9296</item><item>0.9296</item></background>

	</component>		
	
	
	
	
	
	<!-- ************ PROGRESS ************** -->
	<!-- ************   MODULE ************** -->
	
	<component>
	 <name>Progress Module</name>
	 <type>JPanel</type>
	 <content>
	 <item>Ignored</item>
	 </content>
	 <px>1.0175</px>
	 <py>3.162</py>
	 <width>386</width>
	 <height>170</height>
	
	<titledborder> <!-- ORDER MATTERS IN THIS SEGMENT! -->
		     <item>PROGRESS TRACKING</item>   <!-- Title -->
			 <item>center</item> <!-- Title's position -->
		</titledborder>
	
	
	</component>
	
	<!-- ********  ENABLER ************** -->
	
	<component>
	<name>Enable Progress Tracking</name>
	<type>JCheckBox</type>
	<content>
	    <item>Enabled</item>
	</content>
	<parent>Progress Module</parent>
	<px>16</px>
	<py>7.5</py>
	<width>default</width>
	<height>default</height>
	</component> 
	
<!-- ********  MOVES TRACKER ************** -->

	<component>
	<name>Move Label</name>
	<type>JLabel</type>
	<content>
	    <item>CURRENT:</item>
	</content>
	<parent>Progress Module</parent>
	<px>12</px>
	<py>4.2</py>
	<width>70</width>
	<height>default</height>
	<foreground><item>0.0</item><item>0.0</item><item>0.0</item></foreground>
	</component>	
	
	<component>
	<name>Move Value</name>
	<type>JLabel</type>
	<content>
	    <item>---</item>
	</content>
	<parent>Progress Module</parent>
	<px>3.4</px>
	<py>4.2</py>
	<width>70</width>
	<height>22</height>
	<justification>center</justification>
	<foreground><item>1.0</item><item>1.0</item><item>0.0</item></foreground>
	<background><item>0.4</item><item>0.4</item><item>0.4</item></background>
	   <border> <!-- ORDER MATTERS IN THIS SEGMENT! -->
	        <item>0.6</item> <!-- R -->
		    <item>0.6</item> <!-- G -->
		    <item>0.6</item> <!-- B -->
			<item>1</item> <!-- Border thickness - an integer -->
	   </border>
	</component>	
	
	<component>
	<name>Move Descr. Label</name>
	<type>JLabel</type>
	<content>
	    <item>DESCR.:</item>
	</content>
	<parent>Progress Module</parent>
	<px>12</px>
	<py>1.82</py>
	<width>70</width>
	<height>default</height>
	<foreground><item>0.0</item><item>0.0</item><item>0.0</item></foreground>
	</component>	
	
	<component>
	<name>Move Descr. Value</name>
	<type>JLabel</type>
	<content>
	    <item>---</item>
	</content>
	<parent>Progress Module</parent>
	<px>3.4</px>
	<py>1.82</py>
	<width>70</width>
	<height>22</height>
	<justification>center</justification>
	<foreground><item>1.0</item><item>1.0</item><item>0.0</item></foreground>
	<background><item>0.4</item><item>0.4</item><item>0.4</item></background>
	   <border> <!-- ORDER MATTERS IN THIS SEGMENT! -->
	        <item>0.6</item> <!-- R -->
		    <item>0.6</item> <!-- G -->
		    <item>0.6</item> <!-- B -->
			<item>1</item> <!-- Border thickness - an integer -->
	   </border>
	</component>		
	
	
	
	<component>
	<name>All Moves Label</name>
	<type>JLabel</type>
	<content>
	    <item># OF ALL:</item>
	</content>
	<parent>Progress Module</parent>
	<px>12</px>
	<py>1.14</py>
	<width>70</width>
	<height>default</height>
	<foreground><item>0.0</item><item>0.0</item><item>0.0</item></foreground>
	</component>	
	
	<component>
	<name>All Moves Value</name>
	<type>JLabel</type>
	<content>
	    <item>---</item>
	</content>
	<parent>Progress Module</parent>
	<px>3.4</px>
	<py>1.14</py>
	<width>70</width>
	<height>22</height>
	<justification>center</justification>
	<foreground><item>1.0</item><item>1.0</item><item>0.0</item></foreground>
	<background><item>0.4</item><item>0.4</item><item>0.4</item></background>
	   <border> <!-- ORDER MATTERS IN THIS SEGMENT! -->
	        <item>0.6</item> <!-- R -->
		    <item>0.6</item> <!-- G -->
		    <item>0.6</item> <!-- B -->
			<item>1</item> <!-- Border thickness - an integer -->
	   </border>
	</component>
	
<!-- ********    TIME TRACKER ************** -->	


     <!-- ************* START/RESUME BUTTON ************** -->	
	
	
	<component>
	<name>Start Resume Button</name>
	<type>JButton</type>
	<content>
	    <item>START</item>
	</content>
	<parent>Progress Module</parent>
	<px>1.55</px>
	<py>4.05</py>
	<width>80</width>
	<height>28</height>
	
	<foreground><item>0.0</item><item>0.0</item><item>0.0</item></foreground>
	<background><item>0.9296</item><item>0.9296</item><item>0.9296</item></background>

	</component>	
	
	<!-- ************* RESET BUTTON ************** -->	
	 <component>
	 <name>Pause Button</name>
	 <type>JButton</type>
	 <content>
	    <item>PAUSE</item>
	 </content>
	 <parent>Progress Module</parent>
	 <px>1.075</px>
	 <py>4.05</py>
	 <width>80</width>
	 <height>28</height>
	
	<foreground><item>0.0</item><item>0.0</item><item>0.0</item></foreground>
	<background><item>0.9296</item><item>0.9296</item><item>0.9296</item></background> 

	</component>	
	
	<component>
	<name>Time Label</name>
	<type>JLabel</type>
	<content>
	    <item>TIME:</item>
	</content>
	<parent>Progress Module</parent>
	<px>1.6</px>
	<py>1.82</py>
	<width>70</width>
	<height>default</height>
	<foreground><item>0.0</item><item>0.0</item><item>0.0</item></foreground>
	</component>	
	
	

	<component>
	<name>Time Value</name>
	<type>JLabel</type>
	<content>
		<item>00:00:00</item>
	</content>
	<parent>Progress Module</parent>
	<px>1.2</px>
	<py>1.82</py>
	<width>100</width>
	<height>22</height>
	<justification>center</justification>
	<foreground><item>0.65</item><item>0.65</item><item>0.65</item></foreground><!-- NOTE: The Time Value foreground color combination is also needed in MyStopwatch.updateDisplay function -->
	<background><item>0.4</item><item>0.4</item><item>0.4</item></background>
	   <border> <!-- ORDER MATTERS IN THIS SEGMENT! -->
	        <item>0.6</item> <!-- R -->
		    <item>0.6</item> <!-- G -->
		    <item>0.6</item> <!-- B -->
			<item>1</item> <!-- Border thickness - an integer -->
	   </border>
	</component>	
	
      <!-- ************* STOP BUTTON ************** -->	
	
	
	<component>
	<name>Stop Button</name>
	<type>JButton</type>
	<content>
	    <item>STOP</item>
	</content>
	<parent>Progress Module</parent>
	<px>1.55</px>
	<py>1.16</py>
	<width>80</width>
	<height>28</height>
	
	<foreground><item>0.0</item><item>0.0</item><item>0.0</item></foreground>
	<background><item>0.9296</item><item>0.9296</item><item>0.9296</item></background>

	</component>	
	
	<!-- ************* RESET BUTTON ************** -->	
	 <component>
	 <name>Reset Button</name>
	 <type>JButton</type>
	 <content>
	    <item>RESET</item>
	 </content>
	 <parent>Progress Module</parent>
	 <px>1.075</px>
	 <py>1.16</py>
	 <width>80</width>
	 <height>28</height>
	
	<foreground><item>0.0</item><item>0.0</item><item>0.0</item></foreground>
	<background><item>0.9296</item><item>0.9296</item><item>0.9296</item></background> 

	</component>		
	
	
	<!-- ************* REPLAY************** -->	
	<!-- ************* MODULE ************** -->	
	
	<component>
	 <name>Replay Module</name>
	 <type>JPanel</type>
	 <content>
	 <item>Ignored</item>
	 </content>
	 <px>1.017</px>
	 <py>1.525</py>
	 <width>386</width>
	 <height>220</height>
	
	<titledborder> <!-- ORDER MATTERS IN THIS SEGMENT! -->
		     <item>REPLAY</item>   <!-- Title -->
			 <item>center</item> <!-- Title's position -->
		</titledborder>
	
	
	</component>
	
	
	<!-- ********* ENABLER ************ -->
	<component>
	<name>Enable Replay</name>
	<type>JCheckBox</type>
	<content>
	    <item>Enabled</item>
	</content>
	<parent>Replay Module</parent>
	<px>18</px>
	<py>13</py>
	<width>default</width>
	<height>default</height>
	</component>
	
	
		
	<!-- ********   WHAT TO PLAY LABEL ************** -->	
	
	<component>
	<name>What To Play Label</name>
	<type>JLabel</type>
	<content>
	    <item>WHAT TO REPLAY:</item>
	</content>
	<parent>Replay Module</parent>
	<px>12</px>
	<py>4</py>
	<width>120</width>
	<height>default</height>
	<foreground><item>0.0</item><item>0.0</item><item>0.0</item></foreground>
	</component>
	
	<!-- *********** WHAT TO REPLAY BUTTON GROUP ************** -->
	
	<component>
	   <name>What To Replay Group</name>    <!-- MANDATORY FIELD -->
	   <type>ButtonGroupH</type>
	   <content>
	         <item>My Moves</item>     <!-- MANDATORY FIELD (at least one element hast to be present)-->
			 <item>Solution</item>    <!-- All fields should start with a different letters (unfortunately). Otherwise, key bindings will not work -->
             		 
	   </content>

       <parent>Replay Module</parent>
	   <px>1.5</px>                 <!-- MANDATORY FIELD -->
	   <py>4.2</py>                   <!-- MANDATORY FIELD -->
	   <width>default</width>       <!-- MANDATORY FIELD -->
	   <height>default</height>

     </component>	
	 
	 
	 <!-- ************* START BUTTON ************** -->	
	
	
	<component>
	<name>Start Button</name>
	<type>JButton</type>
	<content>
	    <item>Start</item>
	</content>
	<parent>Replay Module</parent>
	<px>18</px>
	<py>2.32</py>
	<width>110</width>
	<height>28</height>
	
	<foreground><item>0.0</item><item>0.0</item><item>0.0</item></foreground>
	<background><item>0.9296</item><item>0.9296</item><item>0.9296</item></background>

	</component>	
	
	<!-- ************* NEXT BUTTON ************** -->	
	 <component>
	 <name>Next Button</name>
	 <type>JButton</type>
	 <content>
	    <item>Next</item>
	 </content>
	 <parent>Replay Module</parent>
	 <px>2.07</px>
	 <py>2.32</py>
	 <width>110</width>
	 <height>28</height>
	
	<foreground><item>0.0</item><item>0.0</item><item>0.0</item></foreground>
	<background><item>0.9296</item><item>0.9296</item><item>0.9296</item></background> 

	</component>		
	
	 
<!-- ************* BACK BUTTON ************** -->	
	 <component>
	 <name>Back Button</name>
	 <type>JButton</type>
	 <content>
	    <item>Back</item>
	 </content>
	 <parent>Replay Module</parent>
	 <px>1.1</px>
	 <py>2.32</py>
	 <width>110</width>
	 <height>28</height>
	
	<foreground><item>0.0</item><item>0.0</item><item>0.0</item></foreground>
	<background><item>0.9296</item><item>0.9296</item><item>0.9296</item></background> 

	</component>		
		 

	
	<!-- ********    MOVE COUNTER ************** -->	
	
	<component>
	<name>Move Counter Label</name>
	<type>JLabel</type>
	<content>
	    <item>MOVE #:</item>
	</content>
	<parent>Replay Module</parent>
	<px>12</px>
	<py>1.55</py>
	<width>70</width>
	<height>default</height>
	<foreground><item>0.0</item><item>0.0</item><item>0.0</item></foreground>
	</component>
	
	
	
	<component>
	<name>Move Value</name>
	<type>JLabel</type>
	<content>
	    <item>---</item>
	</content>
	<parent>Replay Module</parent>
	<px>3.4</px>
	<py>1.55</py>
	<width>70</width>
	<height>22</height>
	<justification>center</justification>
	<foreground><item>1.0</item><item>1.0</item><item>0.0</item></foreground>
	<background><item>0.4</item><item>0.4</item><item>0.4</item></background>
	   <border> <!-- ORDER MATTERS IN THIS SEGMENT! -->
	        <item>0.6</item> <!-- R -->
		    <item>0.6</item> <!-- G -->
		    <item>0.6</item> <!-- B -->
			<item>1</item> <!-- Border thickness - an integer -->
	   </border>
	</component>	
	
	
	<!-- ********    MOVE DESCRIPTION   ************** -->	
	
	<component>
	<name>Descr. Label</name>
	<type>JLabel</type>
	<content>
	    <item>DESCR.:</item>
	</content>
	<parent>Replay Module</parent>
	<px>1.73</px>
	<py>1.55</py>
	<width>70</width>
	<height>default</height>
	<foreground><item>0.0</item><item>0.0</item><item>0.0</item></foreground>
	</component>	
	
	
	<component>
	<name>Move Description String</name>
	<type>JLabel</type>
	<content>
	    <item>----------</item>
	</content>
	<parent>Replay Module</parent>
	<px>1.2</px>
	<py>1.55</py>
	<width>100</width>
	<height>22</height>
	<justification>center</justification>
	<foreground><item>1.0</item><item>1.0</item><item>0.0</item></foreground>
	<background><item>0.4</item><item>0.4</item><item>0.4</item></background>
	   <border> <!-- ORDER MATTERS IN THIS SEGMENT! -->
	        <item>0.6</item> <!-- R -->
		    <item>0.6</item> <!-- G -->
		    <item>0.6</item> <!-- B -->
			<item>1</item> <!-- Border thickness - an integer -->
	   </border>
	</component>
	
	
	<!-- ************* NUMBER OF ALL ************** -->
	
		
	<component>
	<name>All Moves Label</name>
	<type>JLabel</type>
	<content>
	    <item># OF ALL:</item>
	</content>
	<parent>Replay Module</parent>
	<px>12</px>
	<py>1.12</py>
	<width>70</width>
	<height>default</height>
	<foreground><item>0.0</item><item>0.0</item><item>0.0</item></foreground>
	</component>
	
	
	
	<component>
	<name>All Moves Value</name>
	<type>JLabel</type>
	<content>
	    <item>---</item>
	</content>
	<parent>Replay Module</parent>
	<px>3.4</px>
	<py>1.12</py>
	<width>70</width>
	<height>22</height>
	<justification>center</justification>
	<foreground><item>1.0</item><item>1.0</item><item>0.0</item></foreground>
	<background><item>0.4</item><item>0.4</item><item>0.4</item></background>
	   <border> <!-- ORDER MATTERS IN THIS SEGMENT! -->
	        <item>0.6</item> <!-- R -->
		    <item>0.6</item> <!-- G -->
		    <item>0.6</item> <!-- B -->
			<item>1</item> <!-- Border thickness - an integer -->
	   </border>
	</component>	
	
<!-- ************* Return BUTTON ************** -->	
	 <component>
	 <name>Return Button</name>
	 <type>JButton</type>
	 <content>
	    <item>Return To Game</item>
	 </content>
	 <parent>Replay Module</parent>
	 <px>1.15</px>
	 <py>1.13</py>
	 <width>180</width>
	 <height>28</height>
	
	<foreground><item>0.0</item><item>0.0</item><item>0.0</item></foreground>
	<background><item>0.9296</item><item>0.9296</item><item>0.9296</item></background> 

	</component>	
	
		
	<!-- *************   GAME PANEL MODULE ***************** -->
	 <component>
	    <name>GameProper9x3</name>
	    <type>GamePanel</type>
		<content>
		        <item>Ignored</item> <!-- CONTENT SEGMENT NEEDS TO BE PRESENT EVEN IF THE CODE IGNORES IT-->
		</content>
	    <px>16</px>
		<py>4</py>
		<width>700</width>    <!-- Default sizes not allowed with images -->
		<height>670</height>   <!-- Default sizes not allowed with images -->
		
		<background><item>1.0</item><item>1.0</item><item>1.0</item></background>
		
		<titledborder> <!-- ORDER MATTERS IN THIS SEGMENT! -->
		     <item></item>   <!-- Title -->
			 <item>center</item> <!-- Title's position -->
		</titledborder>
    </component>
	
	
	
	<!-- ********    ALERT MESSATGE ************** -->	
	
<!-- 	<component>
	<name>Alert Label</name>
	<type>JLabel</type>
	<content>
	    <item>ALERT :</item>
	</content>

	<px>4.042</px>
	<py>1.062</py>
	<width>60</width>
	<height>default</height>
	<foreground><item>0.0</item><item>0.0</item><item>0.0</item></foreground>
	</component> -->
	
	
	
	<component>
	<name>Alert Value</name>
	<type>JLabel</type>
	<content>
	    <item>WELCOME TO TORUS BOARDS</item>
	</content>
	<px>5.20</px>
	<py>1.0265</py>
	<width>500</width>
	<height>35</height>
	<justification>center</justification>
	<foreground><item>1</item><item>1</item><item>0</item></foreground>
	<background><item>0.5</item><item>0.5</item><item>0.5</item></background>  
<!--	<background><item>0.9921</item><item>0.9254</item><item>0.8274</item></background> <- this is nice pink -->
	   <border> <!-- ORDER MATTERS IN THIS SEGMENT! -->
	        <item>0.4</item> <!-- R -->
		    <item>0.4</item> <!-- G -->
		    <item>0.4</item> <!-- B -->
			<item>1</item> <!-- Border thickness - an integer -->
	   </border>
	</component>	

	<!--***************** BUILD YOUR OWN *************** -->
	
	<component>
	 <name>Build Your Own</name>
	 <type>JPanel</type>
	 <content>
	 <item>Ignored</item>
	 </content>
	 <px>1.2075</px>
	 <py>1.025</py>
	 <width>240</width>
	 <height>166</height>
	

	<titledborder> 
		     <item></item>   
			 <item>center</item> 
		</titledborder>
	</component>
	
	
		 
	 	 <!-- ************* BUILD YOUR OWN CHECKBOX ************** -->	
	 <component>
	 <name>Build Your Own Checkbox</name>
	 <type>JCheckBox</type>
	 <content>
	  <!--  <item>&lt;html&gt;Begin To&lt;br&gt;&#160;&#160;Create</item> -->
	        <item>Design Your Own</item>
	 </content>
	 <parent>Build Your Own</parent>
	 <px>8</px>
	 <py>15</py>
	 <width>default</width>
	 <height>default</height>
	
	<foreground><item>0.0</item><item>0.0</item><item>0.0</item></foreground>
	<background><item>0.9296</item><item>0.9296</item><item>0.9296</item></background>

	</component>	
	
	<!-- ************ DIMENSION GROUP *************** -->
	<component>
	 <name>Dimension Group</name>
	 <type>ButtonGroupV</type>
	 
	 	   <content>
	         <item>4 x 2</item>     <!-- MANDATORY FIELD (at least one element hast to be present)-->
			 <item>6 x 2</item>    <!-- All fields should start with a different letters (unfortunately). Otherwise, key bindings will not work -->
             <item>6 x 3</item>	
			 <item>8 x 4</item>
             <item>9 x 3</item>			 
	   </content>

       <parent>Build Your Own</parent>
	   <px>8.5</px>                   <!-- MANDATORY FIELD -->
	   <py>1.35</py>                   <!-- MANDATORY FIELD -->
	   <width>default</width>       <!-- MANDATORY FIELD -->
	   <height>default</height>
	</component> 
	
	
    <!-- *********** SELECT GAME SHIFT TYPE COMBO BOX ************** -->
	<component>
	   <name>Select Shift Type</name>
	   <type>JComboBox</type>
	   <content>
	        <item>PSEUDO TORUS</item>
	        <item>TRUE TORUS</item>
			<item>RADIAL</item>
	   </content>
	   <parent>Build Your Own</parent>
	   <foreground><item>0.0</item><item>0.0</item><item>0.0</item></foreground>	   
<!-- 	   	<background>
		  <item>0.9296</item>
		  <item>0.9296</item>
		  <item>0.9296</item>
	    </background> -->
	   
	   
	   <px>1.25</px>
	   <py>3.3</py>
	   <width>120</width>
	   <height>default</height>
	   <justification>center</justification>
	</component>
	 
	 <!-- ************* START BUTTON ************** -->	
	 <component>
	 <name>Start Button</name>
	 <type>JButton</type>
	 <content>
	  <!--  <item>&lt;html&gt;Begin To&lt;br&gt;&#160;&#160;Create</item> -->
	        <item>Start Design</item>
	 </content>
	 <parent>Build Your Own</parent>
	 <px>1.25</px>
	 <py>1.75</py>
	 <width>120</width>
	 <height>30</height>
	
	<foreground><item>0.0</item><item>0.0</item><item>0.0</item></foreground>
	<background><item>0.9296</item><item>0.9296</item><item>0.9296</item></background>

	</component>	
	
		 <!-- ************* RETURN TO PLAYING BUTTON ************** -->	
	 <component>
	 <name>Return To Playing</name>
	 <type>JButton</type>
	 <content>
	  <!--  <item>&lt;html&gt;Begin To&lt;br&gt;&#160;&#160;Create</item> -->
	        <item>Exit Design</item>
	 </content>
	 <parent>Build Your Own</parent>
	 <px>1.25</px>
	 <py>1.15</py>
	 <width>120</width>
	 <height>30</height>
	
	<foreground><item>0.0</item><item>0.0</item><item>0.0</item></foreground>
	<background><item>0.9296</item><item>0.9296</item><item>0.9296</item></background>

	</component>	
	 
	 <!-- ************* COMMON SAVE BUTTON ************** -->	
	 <component>
	 <name>Common Save Button</name>
	 <type>JButton</type>
	 <content>
	    <item>SAVE</item>
	 </content>
	 
	<!-- <px>1.0248</px>
	 <py>1.08</py>
	 <width>103</width>
	 <height>103</height> -->
	 
	 <px>1.03126</px>
	 <py>1.13</py>
	 <width>103</width>
	 <height>103</height> --> 
	
	<foreground><item>0.0</item><item>0.0</item><item>0.0</item></foreground>
	<!-- <background><item>0.9296</item><item>0.9296</item><item>0.9296</item></background> -->

	</component>	
	
		 	 <!-- ************* TARGET BUTTON ************** -->	
	 <component>
	 <name>Target Button</name>
	 <type>JButton</type>
	 <content>
	    <item>./images/icons8-data-grid-36_60.png</item>
	 </content>
	 
	<!-- <px>1.0248</px>
	 <py>1.08</py>
	 <width>103</width>
	 <height>103</height> -->
	 
	 <px>1.090</px>
	 <py>1.024</py>
	 <width>45</width>
	 <height>45</height> --> 
	
	<foreground><item>0.0</item><item>0.0</item><item>0.0</item></foreground>
	<background><item>0.9296</item><item>0.9296</item><item>0.9296</item></background>

	</component>
	 
	 	 <!-- ************* INFO BUTTON ************** -->	
	 <component>
	 <name>Info Button</name>
	 <type>JButton</type>
	 <content>
	    <item>./images/icons8-info-36_60.png</item>
	 </content>
	 
	<!-- <px>1.0248</px>
	 <py>1.08</py>
	 <width>103</width>
	 <height>103</height> -->
	 
	 <px>1.03</px>
	 <py>1.024</py>
	 <width>45</width>
	 <height>45</height> --> 
	
	<foreground><item>0.0</item><item>0.0</item><item>0.0</item></foreground>
	<background><item>0.9296</item><item>0.9296</item><item>0.9296</item></background>

	</component>

	
</components>